reg_no,user_no,height,body_type,academic_ability,religion,smoking,drinking,self_introduction,me_tag
1,1,190,5,5,5,2,4,안녕하세요.,"#과묵한 #섬세한 #시원한 #재미있는 #쇼핑 #시사 #영화 #노래 #음악감상"
2,2,190,5,5,5,2,4,안녕하세요.,"#과묵한 #섬세한 #시원한 #재미있는 #쇼핑 #시사 #영화 #노래 #음악감상"
375,1,190,5,5,5,2,4,안녕하세요.,"#과묵한 #섬세한 #시원한 #재미있는 #쇼핑 #시사 #영화 #노래 #음악감상"
379,1,190,5,5,5,2,4,안녕하세요.,"#과묵한 #섬세한 #시원한 #재미있는 #쇼핑 #시사 #영화 #노래 #음악감상"
382,2,190,5,5,5,2,4,"안녕하세요. 리치앤뷰 입니다.","#친절한 #창의적인 #어른스러운 #여행 #음악감상 #쇼핑"
965,506,146,4,3,3,1,3,"안녕파세요 반갑숩니다","#과묵한 #섬세한 #시원한 #재미있는 #쇼핑 #시사 #영화 #노래 #음악감상"
966,507,175,1,2,3,1,2,"안녕하세요 테스터 입니다.!","#과묵한 #섬세한 #시원한 #재미있는 #쇼핑 #시사 #영화 #노래 #음악감상"
967,508,175,1,2,3,1,2,"안녕하세요 테스터 입니다.!","#과묵한 #섬세한 #시원한 #재미있는 #쇼핑 #시사 #영화 #노래 #음악감상"
968,509,175,1,2,3,1,2,"안녕하세요 테스터 입니다.!","#과묵한 #섬세한 #시원한 #재미있는 #쇼핑 #시사 #영화 #노래 #음악감상"
969,510,175,1,2,3,1,2,"안녕하세요 테스터 입니다.!","#과묵한 #섬세한 #시원한 #재미있는 #쇼핑 #시사 #영화 #노래 #음악감상"
970,511,175,1,2,3,1,2,"안녕하세요 테스터 입니다.!","#과묵한 #섬세한 #시원한 #재미있는 #쇼핑 #시사 #영화 #노래 #음악감상"
971,512,175,1,2,3,1,2,"안녕하세요 테스터 입니다.!","#과묵한 #섬세한 #시원한 #재미있는 #쇼핑 #시사 #영화 #노래 #음악감상"
972,513,175,1,2,3,1,2,"안녕하세요 테스터 입니다.!","#과묵한 #섬세한 #시원한 #재미있는 #쇼핑 #시사 #영화 #노래 #음악감상"
973,514,175,1,2,3,1,2,"안녕하세요 테스터 입니다.!","#과묵한 #섬세한 #시원한 #재미있는 #쇼핑 #시사 #영화 #노래 #음악감상"
974,515,175,1,2,3,1,2,"안녕하세요 테스터 입니다.!","#과묵한 #섬세한 #시원한 #재미있는 #쇼핑 #시사 #영화 #노래 #음악감상"
975,516,175,1,2,3,1,2,"안녕하세요 테스터 입니다.!","#과묵한 #섬세한 #시원한 #재미있는 #쇼핑 #시사 #영화 #노래 #음악감상"
976,517,175,1,2,3,1,2,"안녕하세요 테스터 입니다.!","#과묵한 #섬세한 #시원한 #재미있는 #쇼핑 #시사 #영화 #노래 #음악감상"
977,518,175,1,2,3,1,2,"안녕하세요 테스터 입니다.!","#과묵한 #섬세한 #시원한 #재미있는 #쇼핑 #시사 #영화 #노래 #음악감상"
978,519,175,1,2,3,1,2,"안녕하세요 테스터 입니다.!","#과묵한 #섬세한 #시원한 #재미있는 #쇼핑 #시사 #영화 #노래 #음악감상"
979,520,175,1,2,3,1,2,"안녕하세요 테스터 입니다.!","#과묵한 #섬세한 #시원한 #재미있는 #쇼핑 #시사 #영화 #노래 #음악감상"
980,521,175,1,2,3,1,2,"안녕하세요 테스터 입니다.!","#과묵한 #섬세한 #시원한 #재미있는 #쇼핑 #시사 #영화 #노래 #음악감상"
981,522,175,1,2,3,1,2,"안녕하세요 테스터 입니다.!","#과묵한 #섬세한 #시원한 #재미있는 #쇼핑 #시사 #영화 #노래 #음악감상"
982,523,175,1,2,3,1,2,"안녕하세요 테스터 입니다.!","#과묵한 #섬세한 #시원한 #재미있는 #쇼핑 #시사 #영화 #노래 #음악감상"
985,525,173,6,5,4,2,4,"안녕하세요
잘부탁드립니다.","#친절한 #창의적인 #어른스러운 #스포츠/운동 #음악감상 #시사"
986,525,173,6,5,4,2,4,"안녕하세요
잘부탁드립니다.","#친절한 #창의적인 #어른스러운 #스포츠/운동 #음악감상 #시사"
987,526,178,4,5,1,2,2,"다재다능함
유머러스
성숙함","#열정적인 #지적인 #어른스러운 #자신감있는 #긍정적인 #센스있는 #여행 #독서 #스포츠/운동 #영화 #맛집 #노래"
988,529,172,5,5,4,1,4,"오늘도 즐거운 하루 보내세요
감사합니다","#진지한 #다정다감 #잘웃는 #자신감있는 #활발한 #스포츠/운동 #카페 #여행 #맛집 #드라이브 #게임"
989,530,173,5,5,4,1,4,"오늘도 좋은 하루 보내세요
","#진지한 #다정다감 #잘웃는 #드라이브 #게임 #맛집 #음악감상 #영화 #스포츠/운동"
990,531,173,5,5,4,1,4,"오늘도 행복한 하루 보내세요","#열정적인 #다정다감 #잘웃는 #친절한 #게임 #드라이브 #사진 #맛집"
991,531,173,5,5,4,1,4,"오늘도 행복한 하루 보내세요","#열정적인 #다정다감 #잘웃는 #친절한 #게임 #드라이브 #사진 #맛집"
992,532,173,5,5,4,1,4,"오늘도 즐거운 하루 보내세요","#다정다감 #잘웃는 #남자다운 #친절한 #스포츠/운동 #여행 #카페 #영화 #맛집 #노래"
993,532,173,5,5,4,1,4,"오늘도 즐거운 하루 보내세요","#다정다감 #잘웃는 #남자다운 #친절한 #스포츠/운동 #여행 #카페 #영화 #맛집 #노래"
998,536,173,5,5,4,1,4,"안녕하세요 잘부탁드립니다 ㅎ","#과묵한 #섬세한 #잘웃는 #친절한 #영화 #노래 #사진 #맛집"
999,536,173,5,5,4,1,4,"안녕하세요. 잘부탁드립니다.","#진지한 #잘웃는 #섬세한 #애교있는 #친절한 #맛집 #게임 #드라이브"
1000,537,172,5,5,4,1,4,"안녕하세요  잘부탁드립니다","#진지한 #차분한 #섬세한 #휴식 #외국어 #사진 #게임"
1001,535,200,6,5,5,2,4,"테스트
테스트
테스트","#한결같은 #창의적인 #낙천적인 #드라이브 #전시회 #자기계발"
1002,507,175,1,2,3,1,2,"안녕하세요 테스터 입니다.!","#친절한 #섬세한 #센스있는 #음악감상 #시사 #영화 #쇼핑 #노래"
1004,537,173,6,5,4,1,4,"안녕하세요

오늘도 좋은하루 보내세요","#친절한 #창의적인 #긍정적인 #스포츠/운동 #음악감상 #영화"
1007,544,172,5,5,4,1,4,"오늘도 즐거운 하루 보내세요","#진지한 #차분한 #섬세한 #쇼핑 #맛집 #반려동물"
1010,543,150,1,2,3,2,3,ㅂㅈㄷㄱㅅ셤ㅎㅇㅎㅁㄹㅅㄴ,"#열정적인 #과묵한 #진지한 #게임 #피트니스 #자기계발"
1012,544,172,5,4,2,1,4,"안녕하세요ㅎ
잘부탁드립니다ㅎ","#진지한 #차분한 #섬세한 #게임 #사진 #휴식"
1013,543,151,2,4,1,1,3,"안녕하세요.
반갑습니다.","#시원한 #잘웃는 #섬세한 #사진 #휴식 #반려동물"
1016,547,172,5,5,4,1,4,"안녕하세요. 잘부탁드립니다.","#진지한 #차분한 #섬세한 #스포츠/운동 #카페 #영화"
1019,548,188,6,5,5,1,4,"자기소개
자기우어래나융","#친절한 #자신감있는 #한결같은 #어른스러운 #전시회 #피트니스 #휴식 #드라이브 #노래"
1020,548,188,6,5,5,1,4,"자기소개
자기우어래나융","#친절한 #자신감있는 #한결같은 #어른스러운 #전시회 #피트니스 #휴식 #드라이브 #노래"
1021,548,188,6,5,5,1,4,"소개할 자기가 없습니다","#친절한 #자신감있는 #한결같은 #어른스러운 #전시회 #피트니스 #휴식 #드라이브 #노래"
1022,548,188,6,5,5,1,4,"안녕하세요
안녕히 계세요","#친절한 #자신감있는 #한결같은 #어른스러운 #전시회 #피트니스 #휴식 #드라이브 #노래"
1023,549,172,5,5,4,1,4,"안녕하세요 잘부탁드립니다.","#진지한 #차분한 #섬세한 #게임 #사진 #맛집"
1024,549,172,5,5,4,1,4,"안녕하세요 잘부탁드립니다.","#진지한 #차분한 #섬세한 #게임 #사진 #맛집"
1025,548,188,6,5,5,1,1,"안녕하세요
안녕히 계세요","#친절한 #자신감있는 #어른스러운 #여행 #섬세한 #도도한 #시사 #영화"
1026,552,146,1,1,2,1,3,뭐요뭐요뭐요뭐요뭐요,"#진지한 #열정적인 #과묵한 #드라이브 #전시회 #음주"
1027,549,173,5,5,4,1,4,"안녕하세요.

잘부탁드립니다.","#열정적인 #차분한 #다정다감 #휴식 #게임 #사진"
1028,554,173,1,2,3,4,5,"안녕하세요 테스터 입니다.!",#열정적인#차분한#한결같은#여행#맛집#노래
1029,555,173,1,2,3,4,5,"안녕하세요 테스터 입니다.!",#열정적인#차분한#한결같은#여행#맛집#노래
1030,556,173,1,2,3,4,5,"안녕하세요 테스터 입니다.!",#열정적인#차분한#한결같은#여행#맛집#노래
1031,557,173,1,2,3,4,5,"안녕하세요 테스터 입니다.!",#열정적인#차분한#한결같은#여행#맛집#노래
1032,558,173,1,2,3,4,5,"안녕하세요 테스터 입니다.!",#열정적인#차분한#한결같은#여행#맛집#노래
1033,559,173,1,2,3,4,5,"안녕하세요 테스터 입니다.!",#열정적인#차분한#한결같은#여행#맛집#노래
1034,560,173,1,2,3,4,5,"안녕하세요 테스터 입니다.!",#열정적인#차분한#한결같은#여행#맛집#노래
1035,561,173,1,2,3,4,5,"안녕하세요 테스터 입니다.!",#열정적인#차분한#한결같은#여행#맛집#노래
1036,562,173,1,2,3,4,5,"안녕하세요 테스터 입니다.!",#열정적인#차분한#한결같은#여행#맛집#노래
1037,563,173,1,2,3,4,5,"안녕하세요 테스터 입니다.!",#열정적인#차분한#한결같은#여행#맛집#노래
1038,564,173,1,2,3,4,5,"안녕하세요 테스터 입니다.!",#열정적인#차분한#한결같은#여행#맛집#노래
1039,565,173,1,2,3,4,5,"안녕하세요 테스터 입니다.!",#열정적인#차분한#한결같은#여행#맛집#노래
1040,566,173,1,2,3,4,5,"안녕하세요 테스터 입니다.!",#열정적인#차분한#한결같은#여행#맛집#노래
1041,567,173,1,2,3,4,5,"안녕하세요 테스터 입니다.!",#열정적인#차분한#한결같은#여행#맛집#노래
1042,568,173,1,2,3,4,5,"안녕하세요 테스터 입니다.!",#열정적인#차분한#한결같은#여행#맛집#노래
1043,569,173,1,2,3,4,5,"안녕하세요 테스터 입니다.!",#열정적인#차분한#한결같은#여행#맛집#노래
1044,570,173,1,2,3,4,5,"안녕하세요 테스터 입니다.!",#열정적인#차분한#한결같은#여행#맛집#노래
1045,571,173,1,2,3,4,5,"안녕하세요 테스터 입니다.!",#열정적인#차분한#한결같은#여행#맛집#노래
1046,572,173,1,2,3,4,5,"안녕하세요 테스터 입니다.!",#열정적인#차분한#한결같은#여행#맛집#노래
1047,573,173,1,2,3,4,5,"안녕하세요 테스터 입니다.!",#열정적인#차분한#한결같은#여행#맛집#노래
1048,574,173,1,2,3,4,5,"안녕하세요 테스터 입니다.!",#열정적인#차분한#한결같은#여행#맛집#노래
1049,575,173,1,2,3,4,5,"안녕하세요 테스터 입니다.!",#열정적인#차분한#한결같은#여행#맛집#노래
1050,576,173,1,2,3,4,5,"안녕하세요 테스터 입니다.!",#열정적인#차분한#한결같은#여행#맛집#노래
1051,577,173,1,2,3,4,5,"안녕하세요 테스터 입니다.!",#열정적인#차분한#한결같은#여행#맛집#노래
1052,578,173,1,2,3,4,5,"안녕하세요 테스터 입니다.!",#열정적인#차분한#한결같은#여행#맛집#노래
1053,579,173,1,2,3,4,5,"안녕하세요 테스터 입니다.!",#열정적인#차분한#한결같은#여행#맛집#노래
1054,580,173,1,2,3,4,5,"안녕하세요 테스터 입니다.!",#열정적인#차분한#한결같은#여행#맛집#노래
1055,581,173,1,2,3,4,5,"안녕하세요 테스터 입니다.!",#열정적인#차분한#한결같은#여행#맛집#노래
1056,582,173,1,2,3,4,5,"안녕하세요 테스터 입니다.!",#열정적인#차분한#한결같은#여행#맛집#노래
1057,583,173,1,2,3,4,5,"안녕하세요 테스터 입니다.!",#열정적인#차분한#한결같은#여행#맛집#노래
1058,584,173,1,2,3,4,5,"안녕하세요 테스터 입니다.!",#열정적인#차분한#한결같은#여행#맛집#노래
1059,585,173,1,2,3,4,5,"안녕하세요 테스터 입니다.!",#열정적인#차분한#한결같은#여행#맛집#노래
1060,586,173,1,2,3,4,5,"안녕하세요 테스터 입니다.!",#열정적인#차분한#한결같은#여행#맛집#노래
1061,587,173,1,2,3,4,5,"안녕하세요 테스터 입니다.!",#열정적인#차분한#한결같은#여행#맛집#노래
1062,588,173,1,2,3,4,5,"안녕하세요 테스터 입니다.!",#열정적인#차분한#한결같은#여행#맛집#노래
1063,589,173,1,2,3,4,5,"안녕하세요 테스터 입니다.!",#열정적인#차분한#한결같은#여행#맛집#노래
1064,590,173,1,2,3,4,5,"안녕하세요 테스터 입니다.!",#열정적인#차분한#한결같은#여행#맛집#노래
1065,591,173,1,2,3,4,5,"안녕하세요 테스터 입니다.!",#열정적인#차분한#한결같은#여행#맛집#노래
1066,592,173,1,2,3,4,5,"안녕하세요 테스터 입니다.!",#열정적인#차분한#한결같은#여행#맛집#노래
1067,593,173,1,2,3,4,5,"안녕하세요 테스터 입니다.!",#열정적인#차분한#한결같은#여행#맛집#노래
1068,594,173,1,2,3,4,5,"안녕하세요 테스터 입니다.!",#열정적인#차분한#한결같은#여행#맛집#노래
1069,595,173,1,2,3,4,5,"안녕하세요 테스터 입니다.!",#열정적인#차분한#한결같은#여행#맛집#노래
1070,596,173,1,2,3,4,5,"안녕하세요 테스터 입니다.!",#열정적인#차분한#한결같은#여행#맛집#노래
1072,598,173,1,2,3,4,5,"안녕하세요 테스터 입니다.!",#열정적인#차분한#한결같은#여행#맛집#노래
1073,599,173,1,2,3,4,5,"안녕하세요 테스터 입니다.!",#열정적인#차분한#한결같은#여행#맛집#노래
1074,600,173,1,2,3,4,5,"안녕하세요 테스터 입니다.!",#열정적인#차분한#한결같은#여행#맛집#노래
1075,601,173,1,2,3,4,5,"안녕하세요 테스터 입니다.!",#열정적인#차분한#한결같은#여행#맛집#노래
1076,602,173,1,2,3,4,5,"안녕하세요 테스터 입니다.!",#열정적인#차분한#한결같은#여행#맛집#노래
1077,603,173,1,2,3,4,5,"안녕하세요 테스터 입니다.!",#열정적인#차분한#한결같은#여행#맛집#노래
1078,604,173,1,2,3,4,5,"안녕하세요 테스터 입니다.!",#열정적인#차분한#한결같은#여행#맛집#노래
1079,605,173,1,2,3,4,5,"안녕하세요 테스터 입니다.!",#열정적인#차분한#한결같은#여행#맛집#노래
1080,606,173,1,2,3,4,5,"안녕하세요 테스터 입니다.!",#열정적인#차분한#한결같은#여행#맛집#노래
1081,607,173,1,2,3,4,5,"안녕하세요 테스터 입니다.!",#열정적인#차분한#한결같은#여행#맛집#노래
1082,608,173,1,2,3,4,5,"안녕하세요 테스터 입니다.!",#열정적인#차분한#한결같은#여행#맛집#노래
1083,609,173,1,2,3,4,5,"안녕하세요 테스터 입니다.!",#열정적인#차분한#한결같은#여행#맛집#노래
1084,548,188,3,5,5,1,4,"안녕하세요
안녕히 계세요","#친절한 #자신감있는 #어른스러운 #여행 #섬세한 #도도한 #시사 #영화"
1085,548,188,3,5,5,1,4,"안녕하세요
안녕히 계세요","#친절한 #자신감있는 #어른스러운 #여행 #섬세한 #도도한 #시사 #영화"
1086,548,188,3,5,5,1,4,"안녕하세요
안녕히 계세요","#친절한 #자신감있는 #어른스러운 #여행 #섬세한 #도도한 #시사 #영화"
1087,548,188,3,5,5,1,4,"안녕하세요
안녕히 계세요","#친절한 #자신감있는 #어른스러운 #여행 #섬세한 #도도한 #시사 #영화"
1088,548,188,3,5,5,1,4,"안녕하세요
안녕히 계세요","#친절한 #자신감있는 #어른스러운 #여행 #섬세한 #도도한 #시사 #영화"
1089,548,188,3,5,5,1,4,"안녕하세요
안녕히 계세요","#친절한 #여행 #차분한 #지적인 #한결같은 #긍정적인 #창의적인 #독서 #스포츠/운동 #재태크 #음악감상 #카페"
1091,611,173,5,5,4,1,4,"오늘도 즐거운 하루 보내세요"," #진지한 #차분한 #잘웃는 #음악감상 #영화 #맛집"
1092,613,145,1,1,1,1,1,"안녕하세요 안녕하세요"," #친절한 #차분한 #지적인 #여행 #독서 #스포츠/운동"
1093,611,173,5,5,4,1,4,"오늘도도 좋은 좋은 하루 하루 보내세요 보내세요 감사합니다"," #진지한 #차분한 #애교있는 #스포츠/운동 #음악감상 #영화 #맛집"
1094,611,173,5,5,4,1,4,"오늘도도 좋은 좋은 하루 하루 보내세요 보내세요 감사합니다"," #진지한 #차분한 #애교있는 #스포츠/운동 #음악감상 #영화 #맛집"
1095,614,149,5,2,4,1,1,"오늘도도 좋은 좋은 하루 하루 보내세요"," #열정적인 #차분한 #다정다감 #영화 #쇼핑 #외국어"
1096,614,149,5,4,4,1,4,"오늘은 좀 늦게까지가 있어서요
"," #진지한 #차분한 #다정다감 #외국어 #사진 #맛집"
1097,552,146,1,1,2,1,3,뭐요뭐요뭐요뭐요뭐요,"#진지한 #열정적인 #과묵한 #드라이브 #전시회 #음주"
1098,617,173,5,5,4,1,4,"오늘도 좋은 하루 되세요 감사합니다 좋은 좋은 하루"," #진지한 #차분한 #섬세한 #드라이브 #게임 #피트니스 #휴식"
1099,618,173,5,5,4,1,4,"오늘도 좋은 하루 되세요"," #활발한 #자신감있는 #재미있는 #친절한 #잘웃는 #열정적인 #여행 #스포츠/운동 #카페 #노래 #맛집 #드라이브"
1100,619,174,5,5,4,1,4,"오늘도도 좋은 좋은 하루 하루"," #진지한 #차분한 #섬세한 #시원한 #시사 #영화 #맛집"
1101,619,174,5,5,4,1,4,"오늘도도 좋은 좋은 하루 하루","#진지한 #차분한 #섬세한 #시원한 #시사 #영화 #맛집"
1102,620,173,5,5,4,1,4,"오늘도 좋은 하루 보내세요"," #진지한 #친절한 #어른스러운 #맛집 #카페 #드라이브 #스포츠/운동 #여행"
1103,620,173,5,5,4,1,4,"오늘도 좋은 하루 보내세요"," #진지한 #친절한 #어른스러운 #맛집 #카페 #드라이브 #스포츠/운동 #여행"
1104,621,173,5,5,4,1,4,"안녕하세요

 잘부탁드립니다.","#진지한 #차분한 #섬세한 #음악감상 #영화 #스포츠/운동"
1105,621,173,5,5,4,1,4,"안녕하세요

 잘부탁드립니다.","#진지한 #차분한 #섬세한 #음악감상 #영화 #스포츠/운동"
1106,507,175,1,2,3,1,2,"안녕하세요 테스터 입니다.!","#친절한 #섬세한 #센스있는 #음악감상 #시사 #영화 #쇼핑 #노래"
1107,621,173,5,5,4,1,4,"안녕하세요

 잘부탁드립니다.","#진지한 #차분한 #섬세한 #음악감상 #영화 #스포츠/운동"
1108,621,173,5,5,4,1,4,"안녕하세요

 잘부탁드립니다.","#진지한 #차분한 #섬세한 #음악감상 #영화 #스포츠/운동"
1109,622,173,5,5,4,1,4,"안녕하세요ㅎ

잘부탁드립니다.ㅎ","#진지한 #차분한 #섬세한 #드라이브 #게임 #사진"
1110,624,165,3,1,2,1,2,"안녕하세요 저는 21살 직장 다니는 직장인 입니다.
강아지랑 산책하는걸 좋아해요
밝고 긍정적인 성격입니다
실제로 만나면 더 재밌어요
"," #긍정적인 #잘웃는 #호기심많은 #창의적인 #발랄한 #섬세한 #맛집 #자기계발 #사진 #전시회 #스포츠/운동 #여행"
1111,624,165,3,1,2,1,2,"안녕하세요 저는 21살 직장 다니는 직장인 입니다.
강아지랑 산책하는걸 좋아해요
밝고 긍정적인 성격입니다
실제로 만나면 더 재밌어요
"," #긍정적인 #잘웃는 #호기심많은 #창의적인 #발랄한 #섬세한 #맛집 #자기계발 #사진 #전시회 #스포츠/운동 #여행"
1113,624,165,3,1,2,1,2,"안녕하세요 저는 21살 직장 다니는 직장인 입니다.
강아지랑 산책하는걸 좋아해요
밝고 긍정적인 성격입니다
실제로 만나면 더 재밌어요
"," #호기심많은 #발랄한 #맛집 #자기계발 #사진 #전시회 #스포츠/운동 #여행 #어른스러운 #자신감있는 #도도한 #열정적인"
1114,506,150,4,3,3,1,3,"안녕파세요 반갑숩니다","#과묵한 #섬세한 #시원한 #재미있는 #쇼핑 #시사 #영화 #노래 #음악감상"
1115,506,150,4,3,3,1,3,"안녕파세요 반갑숩니다","#과묵한 #섬세한 #시원한 #재미있는 #쇼핑 #시사 #영화 #노래 #음악감상"
1117,589,173,1,2,3,4,5,"안녕하세요 테스터 입니다.!",#열정적인#차분한#한결같은#여행#맛집#노래
1118,622,174,5,5,4,1,3,"안녕하세요ㅎ

잘부탁드립니다.

오늘도 좋은 하루 보내세요.","#진지한 #섬세한 #맛집 #사진 #영화 #차분한"
1119,622,174,5,5,4,1,3,"안녕하세요ㅎ

잘부탁드립니다.

오늘도 좋은 하루 보내세요.","#진지한 #섬세한 #맛집 #사진 #영화 #차분한"
1123,624,165,3,1,2,1,2,"안녕하세요 저는 21살 직장 다니는 직장인 입니다.
강아지랑 산책하는걸 좋아해요
밝고 긍정적인 성격입니다
실제로 만나면 더 재밌어요
"," #호기심많은 #발랄한 #맛집 #자기계발 #사진 #전시회 #스포츠/운동 #여행 #어른스러운 #자신감있는 #도도한 #열정적인"
1124,646,165,2,1,2,1,2,"안녕하세요 21살 직장인 입니다.
밝은 성격이에요ㅎㅎ"," #긍정적인 #자신감있는 #잘웃는 #여행 #음악감상 #맛집"
1125,646,165,2,2,2,1,2,"안냥하세요 저에요 히히 여자입니다"," #차분한 #낙천적인 #잘웃는 #영화 #사진 #외국어"
1126,646,148,1,3,2,1,3,"안녕하세요 23살 학동 사는 직장인입니다."," #창의적인 #귀여운 #호기심많은 #시사 #쇼핑 #여행"
1127,646,157,3,2,2,1,2,"안냥하세요 집에서 놀고 먹고 여행가는 백수입니다"," #창의적인 #호기심많은 #긍정적인 #여행 #재태크 #쇼핑"
1133,654,173,5,5,4,1,4,"안녕하세요

잘부탁드립니다.ㅎ","#진지한 #차분한 #섬세한 #다정다감 #잘웃는 #애교있는 #음악감상 #영화 #쇼핑 #외국어 #맛집 #사진"
1134,654,173,5,5,4,1,4,"안녕하세요

잘부탁드립니다.ㅎ","#진지한 #차분한 #다정다감 #잘웃는 #섬세한 #애교있는 #음악감상 #영화 #쇼핑 #노래 #외국어 #사진"
1135,657,173,5,5,4,1,4,"안녕하세요.ㅎ

잘부탁드립니다.ㅎ","#진지한 #차분한 #섬세한 #전시회 #드라이브 #게임"
1144,552,146,1,1,2,1,3,뭐요뭐요뭐요뭐요뭐요,"#진지한 #열정적인 #과묵한 #드라이브 #전시회 #음주"
1145,552,146,1,1,2,1,3,뭐요뭐요뭐요뭐요뭐요,"#진지한 #열정적인 #과묵한 #드라이브 #전시회 #음주"
1146,507,175,1,2,3,1,2,"안녕하세요 테스터 입니다.!","#친절한 #섬세한 #센스있는 #음악감상 #시사 #영화 #쇼핑 #노래"
1147,657,173,6,5,4,1,4,"안녕하세요.ㅎ

잘부탁드립니다.ㅎ","#진지한 #차분한 #섬세한 #전시회 #드라이브 #게임"
1148,657,173,3,5,4,1,4,"안녕하세요.ㅎ

잘부탁드립니다.ㅎ","#진지한 #차분한 #섬세한 #전시회 #드라이브 #게임"
1156,657,173,3,5,4,1,4,"안녕하세요.ㅎ

잘부탁드립니다.ㅎ","#진지한 #차분한 #섬세한 #전시회 #드라이브 #게임"
1157,685,172,5,5,4,1,4,"안녕하세요 저는 오늘따라 너무 좋아요"," #진지한 #차분한 #섬세한 #여행 #음악감상 #카페"
1158,686,172,5,5,4,1,4,"아 진짜 너무너무너무 좋아요"," #진지한 #차분한 #섬세한 #사진 #자기계발 #영화"
1159,686,172,5,5,4,1,4,"아 진짜 너무너무너무 좋아요"," #진지한 #차분한 #사진 #자기계발 #영화 #친절한"
1160,689,173,5,5,4,1,4,"아 진짜 너무너무너무 너무너무너무"," #진지한 #잘웃는 #친절한 #영화 #맛집 #노래"
1161,689,172,5,5,4,1,4,"나 지금이이"," #열정적인 #차분한 #과묵한 #독서 #음악감상 #스포츠/운동"
1163,689,172,5,5,4,1,4,"나 지금이이11111112121221","#열정적인 #차분한 #과묵한 #독서 #음악감상 #스포츠/운동"
1164,689,172,5,5,4,1,4,"나 지금이이11111112121221","#열정적인 #차분한 #과묵한 #독서 #음악감상 #스포츠/운동"
1165,689,173,5,5,4,1,4,"나 지금이이11111112121221","#열정적인 #차분한 #과묵한 #독서 #음악감상 #스포츠/운동"
1166,689,173,5,5,4,1,4,"나 지금이이11111112121221","#열정적인 #차분한 #과묵한 #독서 #음악감상 #스포츠/운동"
1168,691,149,5,4,4,1,3,누쿠ㅜ누무," #지적인 #도도한 #열정적인 #외국어 #피트니스 #쇼핑"
1169,691,150,5,2,3,1,4,"으나나나눈 누나느는"," #친절한 #창의적인 #어른스러운 #맛집 #쇼핑 #외국어"
1170,691,150,5,2,3,1,4,"으나나나눈 누나느는"," #친절한 #창의적인 #어른스러운 #맛집 #쇼핑 #외국어"
1172,689,173,5,5,4,1,4,"나 지금이이11111112121221","#열정적인 #차분한 #과묵한 #독서 #음악감상 #스포츠/운동"
1173,689,173,5,5,4,1,4,"나 지금이이11111112121221","#열정적인 #차분한 #과묵한 #독서 #음악감상 #스포츠/운동"
1174,700,173,5,5,4,1,4,"안녕하십니까
나는 오늘따라 너무 좋아졌어 유유"," #진지한 #차분한 #잘웃는 #영화 #재태크 #시사"
1175,700,173,5,5,4,1,4,"안녕하십니까
나는 오늘따라 너무 좋아졌어 유유"," #진지한 #차분한 #잘웃는 #영화 #재태크 #시사"
1176,507,175,1,2,3,1,2,"안녕하세요 테스터 입니다.!","#친절한 #섬세한 #센스있는 #음악감상 #시사 #영화 #쇼핑 #노래"
1177,507,175,1,2,3,1,2,"안녕하세요 테스터 입니다.!","#친절한 #섬세한 #센스있는 #음악감상 #시사 #영화 #쇼핑 #노래"
1178,507,175,1,2,3,1,2,"안녕하세요 테스터 입니다.!","#친절한 #섬세한 #센스있는 #음악감상 #시사 #영화 #쇼핑 #노래"
1179,507,175,1,2,3,1,2,"안녕하세요 테스터 입니다.!","#친절한 #섬세한 #센스있는 #음악감상 #시사 #영화 #쇼핑 #노래"
1180,552,146,1,1,2,1,3,뭐요뭐요뭐요뭐요뭐요,"#진지한 #열정적인 #과묵한 #드라이브 #전시회 #음주"
1181,552,146,1,1,2,1,3,뭐요뭐요뭐요뭐요뭐요,"#진지한 #열정적인 #과묵한 #드라이브 #전시회 #음주"
1182,552,146,1,1,2,1,3,뭐요뭐요뭐요뭐요뭐요,"#진지한 #열정적인 #과묵한 #드라이브 #전시회 #음주"
1183,507,175,1,2,3,1,2,"안녕하세요 테스터 입니다.!","#친절한 #섬세한 #센스있는 #음악감상 #시사 #영화 #쇼핑 #노래"
1184,507,175,1,2,3,1,2,"안녕하세요 테스터 입니다.!","#친절한 #섬세한 #센스있는 #음악감상 #시사 #영화 #쇼핑 #노래"
1185,507,175,1,2,3,1,2,"안녕하세요 테스터 입니다.!","#친절한 #섬세한 #센스있는 #음악감상 #시사 #영화 #쇼핑 #노래"
1186,507,175,1,2,3,1,2,"안녕하세요 테스터 입니다.!","#친절한 #섬세한 #센스있는 #음악감상 #시사 #영화 #쇼핑 #노래"
1187,507,175,1,2,3,1,2,"안녕하세요 테스터 입니다.!","#친절한 #섬세한 #센스있는 #음악감상 #시사 #영화 #쇼핑 #노래"
1188,507,175,1,2,3,1,2,"안녕하세요 테스터 입니다.!","#친절한 #섬세한 #센스있는 #음악감상 #시사 #영화 #쇼핑 #노래"
1189,507,178,1,2,3,1,2,"안녕하세요 테스터 입니다.!","#친절한 #섬세한 #센스있는 #음악감상 #시사 #영화 #쇼핑 #노래"
1190,507,173,1,2,3,1,2,"안녕하세요 테스터 입니다.!","#친절한 #섬세한 #센스있는 #음악감상 #시사 #영화 #쇼핑 #노래"
1191,507,166,1,2,3,1,2,"안녕하세요 테스터 입니다.!","#친절한 #섬세한 #센스있는 #음악감상 #시사 #영화 #쇼핑 #노래"
1192,507,166,1,2,3,1,2,"안녕하세요 테스터 입니다.!","#친절한 #섬세한 #센스있는 #음악감상 #시사 #영화 #쇼핑 #노래"
1195,700,173,5,5,4,1,4,"안녕하십니까
나는 오늘따라 너무 좋아졌어 유유","#진지한 #차분한 #잘웃는 #시사 #영화 #쇼핑"
1197,714,173,6,5,5,1,4,"안녕요

잘부탁
드립니다.","#차분한 #창의적인 #낙천적인 #드라이브 #사진 #맛집"
1198,714,147,4,5,5,1,1,"안녕하세요 하하하하하","#친절한 #창의적인 #어른스러운 #음주 #자기계발 #게임"
1199,714,147,4,5,5,1,1,"안녕하세요 하하하하하","#친절한 #창의적인 #어른스러운 #음주 #자기계발 #게임"
1200,714,152,6,4,4,1,2,"안녕하세용용용용용
ㅇ","#친절한 #창의적인 #낙천적인 #노래 #맛집 #쇼핑"
1201,714,152,6,4,4,1,2,"안녕하세용용용용용
ㅇ","#친절한 #창의적인 #낙천적인 #노래 #맛집 #쇼핑"
1204,714,172,6,5,4,1,4,"안녕하ㅛㅔ요 ㅎㅎ"," #친절한 #창의적인 #차분한 #카페 #재태크 #음악감상"
1205,714,172,6,5,4,1,4,"아 근데 근데 진짜 진짜 진짜 진짜 진짜"," #친절한 #창의적인 #어른스러운 #게임 #드라이브 #사진"
1206,714,173,6,5,4,1,4,"아 근데 근데 진짜 진짜 진짜 진짜 진짜"," #친절한 #창의적인 #어른스러운 #게임 #드라이브 #사진"
1207,714,173,6,5,4,1,4,"아 근데 근데 진짜 진짜 진짜 진짜 진짜","#친절한 #창의적인 #어른스러운 #게임 #드라이브 #사진"
1208,722,172,5,5,4,1,4,"안녕하세요
 12345678","#진지한 #열정적인 #다정다감 #사진 #맛집 #영화"
1209,722,154,6,5,4,1,4,"테스트 123456789123","#친절한 #창의적인 #낙천적인 #스포츠/운동 #음악감상 #영화"
1210,722,154,6,5,4,1,4,"테스트 123456789123","#친절한 #창의적인 #낙천적인 #스포츠/운동 #음악감상 #영화"
1211,722,154,6,5,4,1,4,"테스트 123456789123","#친절한 #창의적인 #낙천적인 #스포츠/운동 #음악감상 #영화"
1214,722,164,6,5,4,1,4,"테스트 123456789123","#친절한 #창의적인 #낙천적인 #스포츠/운동 #음악감상 #영화"
1215,729,173,5,5,4,1,4,"안녕하세요!

잘부탁드립니다.!","#진지한 #다정다감 #한결같은 #잘웃는 #애교있는 #재미있는 #음악감상 #스포츠/운동 #카페 #독서 #재테크 #시사"
1216,729,166,6,5,4,1,4,"안녕하세요ㅎ

잘부탁드립니다...","#차분한 #한결같은 #친절한 #맛집 #쇼핑 #카페"
1217,730,158,4,2,3,1,2,"착하규 착흐규 착해여"," #친절한 #도도한 #귀여운 #시사 #사진 #게임"
1227,729,166,6,5,4,1,4,"안녕하세요ㅎ

잘부탁드립니다...","#차분한 #한결같은 #친절한 #맛집 #쇼핑 #카페"
1231,734,149,5,3,5,1,2,토너너무무뮤뉴뉴ㅠㅠㅁㅁ," #지적인 #자신감있는 #호기심많은 #노래 #쇼핑 #재태크"
1232,734,149,5,4,4,1,3,너머머ㅓ누더넌," #차분한 #털털한 #긍정적인 #자기계발 #쇼핑 #휴식"
1233,734,149,3,3,3,1,2,커머무누누," #털털한 #긍정적인 #도도한 #노래 #쇼핑 #재태크"
1234,734,149,4,3,3,1,3,쿠너너나ㅏ나나," #친절한 #지적인 #섬세한 #카페 #시사 #독서"
1235,729,166,6,5,4,1,4,"안녕하세요ㅎ

잘부탁드립니다...","#차분한 #한결같은 #친절한 #맛집 #쇼핑 #카페"
1237,589,173,1,2,3,4,5,"안녕하세요 테스터 입니다.!",#열정적인#차분한#한결같은#여행#맛집#노래
1238,589,173,1,2,3,4,5,"안녕하세요 테스터 입니다.!",#열정적인#차분한#한결같은#여행#맛집#노래
1240,507,155,1,2,3,1,2,"안녕하세요 테스터 입니다.!","#친절한 #섬세한 #센스있는 #음악감상 #시사 #영화 #쇼핑 #노래"
1241,518,175,1,4,3,2,1,"안녕하세요 영어선생님입니다","#과묵한 #시원한 #재미있는 #친절한 #긍정적인 #잘웃는 #맛집 #음악감상 #독서"
1242,518,175,1,4,3,2,1,"미국에서 졸업하고, 한국 넘어와서 애들 영어 가르치고 있어요☺
술,담배 안하고, 먹는걸 좋아해서 평소에는 맛집 많이 돌아다녀요ㅎ
키가 좀 큰 편이라 저보다 키 큰 분 만나면 좋겠네요ㅎ
같이 맛집 돌아다녀요🤗","#과묵한 #시원한 #재미있는 #친절한 #긍정적인 #잘웃는 #맛집 #음악감상 #독서"
1243,519,168,2,4,2,2,2,"안녕하세요 아나운서 31살입니다💛
취미는 독서, 전시 보러 다니는 거 좋아합니다ㅎ
차근차근 알아가요 우리","#과묵한 #시원한 #재미있는 #센스있는 #자신감있는 #긍정적인 #독서 #전시회 #재태크"
1244,520,164,1,4,1,2,3,"자기관리 열심히 하는 24살✌🏻
동물이랑 애기 좋아해요!
필라테스 강사 직업상 휴일이 들쑥날쑥해서 시간이 여유롭진 않지만, 휴일에는 같이 힐링할 남친 있으면 좋겠어요!
제가 워낙 강아지 같은 성격이라 성격 좋은 남자분 만나서 오래 만나고 싶네요ㅎㅎ
","#과묵한 #시원한 #재미있는 #귀여운 #호기심많은 #발랄한 #피트니스 #음악감상 #영화"
1245,521,167,4,3,1,1,3,"모델 일하는 25살입니다💕 
좋아하는 음식은 마라탕, 곱창 좋아해여ㅋㅋㅋㅋ💕 
문자보다 전화를 좋아해서 전화 자주 하는 남자 분 만나고 싶어여💕

","#과묵한 #시원한 #재미있는 #털털한 #장난기많은 #한결같은 #쇼핑 #피트니스 #여행"
1246,522,158,3,4,1,2,4,"털털하고 돌아다니는거 좋아해요-^^
술을 즐기는 편이라 같이 술 마실 분 환영🙆🏻‍♀️
일 끝나고 같이 소주 먹을 분 만나고 싶어요","#과묵한 #시원한 #재미있는 #어른스러운 #열정적인 #센스있는 #음주 #재태크 #영화"
1247,565,180,3,5,1,2,3,"고양이와 같이 사는 연구원입니다☺
분당쪽 거주하고 취미는 헬스,런닝 입니다!
","#열정적인#차분한#한결같은#여행#맛집#노래 #다정다감 #잘웃는 #한결같은 #스포츠/운동 #영화 #재태크"
1249,729,166,3,5,4,1,4,"안녕하세요ㅎ

잘부탁드립니다...","#친절한 #차분한 #한결같은 #카페 #쇼핑 #맛집 #피트니스 #전시회"
1250,743,176,5,5,4,1,4,"안녕하세요

잘부탁드립니다.

테스트","#진지한 #차분한 #섬세한 #지적인 #음주 #게임 #자기계발 #사진 #휴식"
1251,743,176,5,5,4,1,4,"안녕하세요

잘부탁드립니다.

테스트","#진지한 #차분한 #섬세한 #지적인 #음주 #게임 #자기계발 #사진 #휴식"
1252,743,146,3,1,4,1,1,안녕하세요421221,"#다정다감 #장난기많은 #잘웃는 #독서 #음악감상 #영화"
1253,743,146,3,1,4,1,1,안녕하세요421221,"#다정다감 #장난기많은 #잘웃는 #독서 #음악감상 #영화"
1254,743,161,6,5,4,1,4,"안녕하세요. 잘부탁드립니다.","#친절한 #창의적인 #어른스러운 #스포츠/운동 #음악감상 #시사"
1255,743,176,6,5,4,1,4,"안녕하세요. 잘부탁드립니다.!","#친절한 #창의적인 #어른스러운 #노래 #영화 #쇼핑"
1256,565,180,3,5,1,2,3,"고양이와 같이 사는 연구원입니다☺
분당쪽 거주하고 취미는 헬스,런닝 입니다!
","#열정적인#차분한#한결같은#여행#맛집#노래 #다정다감 #잘웃는 #한결같은 #스포츠/운동 #영화 #재태크"
1257,566,175,3,5,1,2,3,"진지한 관계를 만나고 싶네요. 변호사로 일 하고 있는 깔끔맨입니다.
청소 좋아하고, 등산 좋아합니다. 
연락이 잘 안되긴 하는데 (직업 특성상), 만나면 엄청 잘해주는 성격입니다.
","#열정적인#차분한#한결같은#여행#맛집#노래 #시원한 #남자다운 #센스있는 #재태크 #스포츠/운동 #휴식"
1258,567,178,2,4,3,1,3,"해외에 오래 살다 와서 한국말이 조금 어려워요 하지만 말은 가능합니다 전화가 좋아요~!!","#열정적인#차분한#한결같은#여행#맛집#노래 #열정적인 #잘웃는 #친절한 #스포츠/운동 #드라이브 #여행"
1259,568,181,3,4,1,1,4,"와인 마시고 모으는걸 합니다ㅎㅎㅎ와인 좋아하세요?
강아지 상이라는 얘기를 자주 듣습니다~","#열정적인#차분한#한결같은#여행#맛집#노래 #남자다운 #재미있는 #센스있는 #드라이브 #영화 #여행"
1260,569,177,2,4,1,2,4,"서로 깊은 대화로 알아가요~~","#열정적인#차분한#한결같은#여행#맛집#노래 #자신감있는 #시원한 #열정적인 #재태크 #독서 #외국어"
1261,734,176,4,4,5,1,3,쿠너너나ㅏ나나," #독서 #지적인 #잘웃는 #창의적인 #스포츠/운동 #쇼핑"
1262,734,176,4,4,5,1,3,쿠너너나ㅏ나나," #독서 #지적인 #잘웃는 #창의적인 #스포츠/운동 #쇼핑"
1263,747,150,3,4,1,1,3,뉴너누누큐뉴뉴유큐," #창의적인 #도도한 #센스있는 #재태크 #카페 #시사"
1264,747,149,4,3,3,1,3," ㅗ ㅓ파ㅣㅗ치ㅗ탷"," #차분한 #섬세한 #다정다감 #음악감상 #시사 #노래"
1265,747,149,5,4,4,1,3,뉴누누누뉴뮤ㅠ뉴큨," #한결같은 #지적인 #잘웃는 #피트니스 #음주 #외국어"
1267,750,173,5,5,4,1,4,"안녕하세요.
저는 개발자 입니다.","#진지한 #차분한 #섬세한 #스포츠/운동 #음악감상 #맛집"
1268,750,173,5,5,4,1,4,"안녕하세요.
저는 개발자 입니다.","#진지한 #차분한 #섬세한 #스포츠/운동 #음악감상 #맛집"
1269,750,174,5,5,4,1,4,"안녕하세요.
저는 개발자 입니다.","#진지한 #차분한 #섬세한 #스포츠/운동 #음악감상 #맛집"
1273,507,155,1,2,3,1,2,"안녕하세요 테스터 입니다.!","#친절한 #섬세한 #센스있는 #음악감상 #시사 #영화 #쇼핑 #노래"
1274,507,155,1,2,2,1,2,"안녕하세요 테스터 입니다.!","#친절한 #섬세한 #센스있는 #음악감상 #시사 #영화 #쇼핑 #노래"
